Summary,Issue key,Issue id,Issue Type,Status,Project key,Project name,Project type,Project lead,Project lead id,Project description,Priority,Resolution,Assignee,Assignee Id,Reporter,Reporter Id,Creator,Creator Id,Created,Updated,Last Viewed,Resolved,Due date,Votes,Labels,Description,Environment,Watchers,Watchers Id,Original estimate,Remaining Estimate,Time Spent,Work Ratio,Σ Original Estimate,Σ Remaining Estimate,Σ Time Spent,Security Level,Inward issue link (Blocks),Inward issue link (Blocks),Inward issue link (Blocks),Inward issue link (Blocks),Inward issue link (Blocks),Inward issue link (Blocks),Inward issue link (Blocks),Inward issue link (Blocks),Inward issue link (Blocks),Inward issue link (Blocks),Inward issue link (Blocks),Inward issue link (Blocks),Inward issue link (Blocks),Inward issue link (Blocks),Inward issue link (Blocks),Inward issue link (Blocks),Inward issue link (Blocks),Inward issue link (Blocks),Inward issue link (Blocks),Outward issue link (Blocks),Outward issue link (Blocks),Outward issue link (Blocks),Outward issue link (Blocks),Outward issue link (Blocks),Outward issue link (Blocks),Outward issue link (Blocks),Attachment,Attachment,Custom field (Actual Result),Custom field (Actual end),Custom field (Actual start),Custom field (Category),Custom field (Change reason),Custom field (Change risk),Custom field (Change type),Custom field (Compass),Custom field (Development),Custom field (Epic Color),Custom field (Epic Link),Custom field (Epic Name),Custom field (Epic Status),Custom field (Expected Result),Custom field (Impact),Custom field (Issue color),Custom field (Locked forms),Custom field (Open forms),Custom field (Rank),Custom field (Request Type),Sprint,Custom field (Start date),Custom field (Story Points),Custom field (Story point estimate),Custom field (Submitted forms),Custom field (Target end),Custom field (Target start),Custom field (Team),Custom field (Test Level),Custom field (Test Steps),Custom field (Testcase Result),Custom field (Total forms),Custom field ([CHART] Date of First Response),Comment,Status Category
SS01 - System - Search  - Search Success,N6-77,10296,Story,To Do,N6,N6_CD21LM1,software,Huy Tran,629c7d86954f50006fc9d8b5,,Medium,,,,Khang Duy,63918baa5fce844d606d502d,Khang Duy,63918baa5fce844d606d502d,05/Jan/23 4:18 PM,05/Jan/23 4:18 PM,05/Jan/23 4:30 PM,,,0,Search,,,Khang Duy,63918baa5fce844d606d502d,,,,,,,,,N6-64,,,,,,,,,,,,,,,,,,,,,,,,,,,,"Hiển thị thông báo ""Sản phẩm tìm kiếm thành công""",,,,,,,,,,N6-3,,,"Phải hiển thị thông báo ""Sản phẩm tìm kiếm thành công""",,,,,0|i001qv:,,BAN Sprint 3,,,,,,,,System,1) Nhập đúng từ khóa sản phẩm vào thanh Tìm kiếm,Pass,,,,To Do
FPS01 - System - Forgot Password - Password reset successfully,N6-76,10295,Story,To Do,N6,N6_CD21LM1,software,Huy Tran,629c7d86954f50006fc9d8b5,,Medium,,Trung Thịnh Nguyễn,63918a3d3e79f12e5725b36a,Trung Thịnh Nguyễn,63918a3d3e79f12e5725b36a,Trung Thịnh Nguyễn,63918a3d3e79f12e5725b36a,05/Jan/23 4:13 PM,05/Jan/23 4:20 PM,05/Jan/23 4:30 PM,,,0,ForgotPassword,Password reset successfully,,Trung Thịnh Nguyễn,63918a3d3e79f12e5725b36a,,,,,,,,,,,,,,,,,,,,,,,,,,,,,,,,,,,,,gửi email đặt lại mật khẩu ,,,,,,,,,,N6-5,,,gửi email đặt lại mật khẩu ,,,,,0|i001qn:,,BAN Sprint 3,,,,,,,,System,"1) Nhập Email đăng ký tài khoản
2) Nhấn submit",Pass,,,,To Do
RS01 - System - Register - Sign Up Success,N6-75,10294,Story,To Do,N6,N6_CD21LM1,software,Huy Tran,629c7d86954f50006fc9d8b5,,Medium,,,,Khang Duy,63918baa5fce844d606d502d,Khang Duy,63918baa5fce844d606d502d,05/Jan/23 4:11 PM,05/Jan/23 4:12 PM,05/Jan/23 4:30 PM,,,0,registration,,,Khang Duy,63918baa5fce844d606d502d,,,,,,,,,N6-61,N6-58,N6-59,N6-62,,,,,,,,,,,,,,,,,,,,,,,,,"Hiển thị thông báo ""Đăng ký thành công""",,,,,,,,,,N6-2,,,"Phải hiển thị thông báo ""Đăng ký thành công""",,,,,0|i001qf:,,BAN Sprint 3,,,,,,,,System,"1) Nhập Họ, đệm
2) Nhập Tên
3) Nhập Email
4) Nhập Mật khẩu
5) Nhấn Tạo mới",Pass,,,,To Do
CS01 - System - Cart - Successful ordering,N6-74,10293,Story,To Do,N6,N6_CD21LM1,software,Huy Tran,629c7d86954f50006fc9d8b5,,Medium,,Trung Thịnh Nguyễn,63918a3d3e79f12e5725b36a,Trung Thịnh Nguyễn,63918a3d3e79f12e5725b36a,Trung Thịnh Nguyễn,63918a3d3e79f12e5725b36a,05/Jan/23 4:10 PM,05/Jan/23 4:19 PM,05/Jan/23 4:30 PM,,,0,Cart,Successful ordering,,Trung Thịnh Nguyễn,63918a3d3e79f12e5725b36a,,,,,,,,,,,,,,,,,,,,,,,,,,,,,,,,,,,,,Thông báo đặt hàng thành công ,,,,,,,,,,N6-4,,,Thông báo đặt hàng thành công ,,,,,0|i001q7:,,BAN Sprint 3,,,,,,,,System,"1) Nhập Họ tên
2) Nhập Email
3) Nhập sđt
4) Nhập địa chỉ
5) Chọn phương thức thanh toán
6) Nhấn submit",Pass,,,,To Do
LS01 - System - Login - Login successful,N6-73,10292,Story,To Do,N6,N6_CD21LM1,software,Huy Tran,629c7d86954f50006fc9d8b5,,Medium,,,,Khang Duy,63918baa5fce844d606d502d,Khang Duy,63918baa5fce844d606d502d,05/Jan/23 3:59 PM,05/Jan/23 4:00 PM,05/Jan/23 4:30 PM,,,0,Login,,,Khang Duy,63918baa5fce844d606d502d,,,,,,,,,N6-60,N6-63,,,,,,,,,,,,,,,,,,,,,,,,,,," Hiển thị thông báo ""Đăng nhập thành công""",,,,,,,,,,N6-1,,,"Phải hiển thị thông báo ""Đăng nhập thành công""",,,,,0|i001pz:,,BAN Sprint 3,,,,,,,,System,"1) Nhập Email và mật khẩu hợp lệ
2) Nhấn nút Đăng nhập
",Pass,,,,To Do
CI07- Integration - Cart - Verify Please enter your ward,N6-72,10291,Bug,Open,N6,N6_CD21LM1,software,Huy Tran,629c7d86954f50006fc9d8b5,,Medium,,Trung Thịnh Nguyễn,63918a3d3e79f12e5725b36a,Trung Thịnh Nguyễn,63918a3d3e79f12e5725b36a,Trung Thịnh Nguyễn,63918a3d3e79f12e5725b36a,05/Jan/23 3:56 PM,05/Jan/23 4:06 PM,05/Jan/23 4:30 PM,,,0,Cart,Verify Please enter your ward,,Trung Thịnh Nguyễn,63918a3d3e79f12e5725b36a,,,,,,,,,N6-50,N6-8,N6-45,N6-55,N6-37,N6-21,N6-43,N6-36,N6-18,N6-28,N6-40,N6-16,N6-47,N6-52,N6-32,N6-13,N6-31,N6-25,N6-49,,,,,,,,,, hiển thị,,,,,,,,,,N6-4,,,hiển thị ,,,,,0|i001pr:,,BAN Sprint 2,,,,,,,,Integratiom,"1) Nhập Họ tên
2) Nhập Email
3) Nhập sđt
4) Nhập địa chỉ
5) Chọn phương thức thanh toán
6) Nhấn submit",Pass,,,,To Do
CI06- Integration - Cart - Verify Please enter your district,N6-71,10290,Bug,Open,N6,N6_CD21LM1,software,Huy Tran,629c7d86954f50006fc9d8b5,,Medium,,Trung Thịnh Nguyễn,63918a3d3e79f12e5725b36a,Trung Thịnh Nguyễn,63918a3d3e79f12e5725b36a,Trung Thịnh Nguyễn,63918a3d3e79f12e5725b36a,05/Jan/23 3:54 PM,05/Jan/23 4:06 PM,05/Jan/23 4:30 PM,,,0,Cart,Verify Please enter your district,,Trung Thịnh Nguyễn,63918a3d3e79f12e5725b36a,,,,,,,,,N6-18,N6-21,N6-45,N6-8,N6-36,N6-31,N6-52,N6-43,N6-55,N6-49,N6-47,N6-13,N6-50,N6-40,N6-32,N6-16,N6-25,N6-28,N6-37,,,,,,,,,,hiển thị,,,,,,,,,,N6-4,,,hiển thị,,,,,0|i001pj:,,BAN Sprint 2,,,,,,,,Integratiom,"1) Nhập Họ tên
2) Nhập Email
3) Nhập sđt
4) Nhập địa chỉ
5) Chọn phương thức thanh toán
6) Nhấn submit",Pass,,,,To Do
CI05- Integration - Cart - Verify Please enter your province,N6-70,10289,Bug,Open,N6,N6_CD21LM1,software,Huy Tran,629c7d86954f50006fc9d8b5,,Medium,,Trung Thịnh Nguyễn,63918a3d3e79f12e5725b36a,Trung Thịnh Nguyễn,63918a3d3e79f12e5725b36a,Trung Thịnh Nguyễn,63918a3d3e79f12e5725b36a,05/Jan/23 3:53 PM,05/Jan/23 4:06 PM,05/Jan/23 4:30 PM,,,0,Cart,Verify Please enter your province,,Trung Thịnh Nguyễn,63918a3d3e79f12e5725b36a,,,,,,,,,N6-13,N6-25,N6-32,N6-21,N6-28,N6-55,N6-50,N6-16,N6-31,N6-8,N6-45,N6-18,N6-43,N6-37,N6-36,N6-40,N6-47,N6-52,N6-49,,,,,,,,,,Hiển thị,,,,,,,,,,N6-4,,,Hiển thị,,,,,0|i001pb:,,BAN Sprint 2,,,,,,,,Integratiom,"1) Nhập Họ tên
2) Nhập Email
3) Nhập sđt
4) Nhập địa chỉ
5) Chọn phương thức thanh toán
6) Nhấn submit",Pass,,,,To Do
CI04- Integration - Cart - Verify Address can't be blank,N6-69,10288,Bug,Open,N6,N6_CD21LM1,software,Huy Tran,629c7d86954f50006fc9d8b5,,Medium,,Trung Thịnh Nguyễn,63918a3d3e79f12e5725b36a,Trung Thịnh Nguyễn,63918a3d3e79f12e5725b36a,Trung Thịnh Nguyễn,63918a3d3e79f12e5725b36a,05/Jan/23 3:52 PM,05/Jan/23 4:05 PM,05/Jan/23 4:30 PM,,,0,Cart,Verify Address can't be blank,,Trung Thịnh Nguyễn,63918a3d3e79f12e5725b36a,,,,,,,,,N6-32,N6-21,N6-8,N6-49,N6-36,N6-52,N6-18,N6-16,N6-55,N6-25,N6-47,N6-40,N6-28,N6-31,N6-43,N6-13,N6-37,N6-50,N6-45,,,,,,,,,,Hiển thị,,,,,,,,,,N6-4,,,Hiển thị,,,,,0|i001p3:,,BAN Sprint 2,,,,,,,,Integratiom,"1) Nhập Họ tên
2) Nhập Email
3) Nhập sđt
4) Nhập địa chỉ
5) Chọn phương thức thanh toán
6) Nhấn submit",Pass,,,,To Do
CI03 - Integration - Cart - Verify Phone number can't be blank,N6-68,10287,Bug,Open,N6,N6_CD21LM1,software,Huy Tran,629c7d86954f50006fc9d8b5,,Medium,,Trung Thịnh Nguyễn,63918a3d3e79f12e5725b36a,Trung Thịnh Nguyễn,63918a3d3e79f12e5725b36a,Trung Thịnh Nguyễn,63918a3d3e79f12e5725b36a,05/Jan/23 3:51 PM,05/Jan/23 4:05 PM,05/Jan/23 4:30 PM,,,0,Cart,Verify Phone number can't be blank,,Trung Thịnh Nguyễn,63918a3d3e79f12e5725b36a,,,,,,,,,N6-18,N6-21,N6-28,N6-16,N6-45,N6-37,N6-50,N6-43,N6-49,N6-25,N6-40,N6-31,N6-52,N6-13,N6-32,N6-36,N6-47,N6-55,N6-8,,,,,,,,,,Hiển thị,,,,,,,,,,N6-4,,,Hiển thị Phone number can't be blank,,,,,0|i001ov:,,BAN Sprint 2,,,,,,,,Integratiom,"1) Nhập Họ tên
2) Nhập Email
3) Nhập sđt
4) Nhập địa chỉ
5) Chọn phương thức thanh toán
6) Nhấn submit",Pass,,,,To Do
FPI01 - Integration - Forgot Password - Invalid email,N6-67,10286,Bug,Open,N6,N6_CD21LM1,software,Huy Tran,629c7d86954f50006fc9d8b5,,Medium,,,,Khang Duy,63918baa5fce844d606d502d,Khang Duy,63918baa5fce844d606d502d,05/Jan/23 3:51 PM,05/Jan/23 3:52 PM,05/Jan/23 4:30 PM,,,0,ForgotPassword,,,Khang Duy,63918baa5fce844d606d502d,,,,,,,,,N6-39,N6-44,N6-53,N6-34,,,,,,,,,,,,,,,,,,,,,,,,,"Hiển thị thông báo ""Không tìm thấy tài khoản nào với email này""",,,,,,,,,,N6-5,,,"Phải hiển thị thông báo ""Không tìm thấy tài khoản nào với email này""",,,,,0|i001on:,,BAN Sprint 2,,,,,,,,Integratiom,"1) Nhập email không hợp lệ vào trường Email
2) Nhấn gửi",Fail,,,,To Do
CI02 - Integration - Cart - Verify email is not be blank,N6-66,10285,Bug,Open,N6,N6_CD21LM1,software,Huy Tran,629c7d86954f50006fc9d8b5,,Medium,,Trung Thịnh Nguyễn,63918a3d3e79f12e5725b36a,Trung Thịnh Nguyễn,63918a3d3e79f12e5725b36a,Trung Thịnh Nguyễn,63918a3d3e79f12e5725b36a,05/Jan/23 3:50 PM,05/Jan/23 4:05 PM,05/Jan/23 4:30 PM,,,0,Cart,Verify email is not be blank,,Trung Thịnh Nguyễn,63918a3d3e79f12e5725b36a,,,,,,,,,N6-50,N6-32,N6-8,N6-18,N6-47,N6-40,N6-31,N6-52,N6-25,N6-28,N6-37,N6-45,N6-13,N6-21,N6-16,N6-43,N6-36,N6-55,N6-49,,,,,,,,,,Hiển thị,,,,,,,,,,N6-4,,,email không được để trống,,,,,0|i001of:,,BAN Sprint 2,,,,,,,,Integratiom,"1) Nhập Họ tên
2) Nhập Email
3) Nhập sđt
4) Nhập địa chỉ
5) Chọn phương thức thanh toán
6) Nhấn submit",Pass,,,,To Do
CI01 - Integration - Cart - Verify name is not be blank,N6-65,10284,Bug,Open,N6,N6_CD21LM1,software,Huy Tran,629c7d86954f50006fc9d8b5,,Medium,,Trung Thịnh Nguyễn,63918a3d3e79f12e5725b36a,Trung Thịnh Nguyễn,63918a3d3e79f12e5725b36a,Trung Thịnh Nguyễn,63918a3d3e79f12e5725b36a,05/Jan/23 3:48 PM,05/Jan/23 4:04 PM,05/Jan/23 4:30 PM,,,0,Cart,Verify is not be blank,,Trung Thịnh Nguyễn,63918a3d3e79f12e5725b36a,,,,,,,,,N6-8,N6-16,N6-21,N6-18,N6-47,N6-36,N6-52,N6-50,N6-37,N6-55,N6-25,N6-13,N6-28,N6-40,N6-32,N6-31,N6-43,N6-49,N6-45,,,,,,,,,,Hiển Thị,,,,,,,,,,N6-4,,,hiển thị Họ tên không được để trống,,,,,0|i001o7:,,BAN Sprint 2,,,,,,,,Integratiom,"1) Nhập Họ tên 
2) Nhập Email 
3) Nhập sđt
4) Nhập địa chỉ
5) Chọn phương thức thanh toán 
6) Nhấn submit",Pass,,,,To Do
SI01 - Integration - Search - Search not available,N6-64,10283,Bug,Open,N6,N6_CD21LM1,software,Huy Tran,629c7d86954f50006fc9d8b5,,Medium,,,,Khang Duy,63918baa5fce844d606d502d,Khang Duy,63918baa5fce844d606d502d,05/Jan/23 3:44 PM,05/Jan/23 4:18 PM,05/Jan/23 4:30 PM,,,0,Search,,,Khang Duy,63918baa5fce844d606d502d,,,,,,,,,N6-9,N6-24,N6-27,N6-14,N6-20,N6-6,N6-11,N6-17,,,,,,,,,,,,N6-77,,,,,,,,,"Hiển thị thông báo ""Tìm kiếm của bạn không tồn tại""",,,,,,,,,,N6-3,,,"Phải hiển thị thông báo ""Tìm kiếm của bạn không tồn tại""",,,,,0|i001nz:,,BAN Sprint 2,,,,,,,,Integratiom,1) Nhập 1 sản phẩm không tồn tại vào mục Tìm kiếm,Fail,,,,To Do
LI02 - Integration - Login - Incorrect password,N6-63,10282,Bug,Open,N6,N6_CD21LM1,software,Huy Tran,629c7d86954f50006fc9d8b5,,Medium,,,,Khang Duy,63918baa5fce844d606d502d,Khang Duy,63918baa5fce844d606d502d,05/Jan/23 3:34 PM,05/Jan/23 4:00 PM,05/Jan/23 4:30 PM,,,0,Login,,,Khang Duy,63918baa5fce844d606d502d,,,,,,,,,N6-29,N6-33,N6-41,,,,,,,,,,,,,,,,,N6-73,,,,,,,05/Jan/23 3:32 PM;63918baa5fce844d606d502d;image-20230105-083236.png;https://tranminhhuy08081997.atlassian.net/secure/attachment/10101/image-20230105-083236.png,,"Thông báo hiển thị ""Yêu cầu không hợp lệ, hoặc quá hạn, phiền bạn thử lại""",,,,,,,,,,N6-1,,,"Phải hiển thị thông báo ""Mật khẩu không đúng""",,,,,0|i001nr:,,BAN Sprint 2,,,,,,,,Integratiom,"1) Nhập đúng vào trường Email
2) Nhập sai mật khẩu",Fail,,,,To Do
RI04 - Integration - Register - Verify Invalid password,N6-62,10281,Bug,Open,N6,N6_CD21LM1,software,Huy Tran,629c7d86954f50006fc9d8b5,,Medium,,Trung Thịnh Nguyễn,63918a3d3e79f12e5725b36a,Trung Thịnh Nguyễn,63918a3d3e79f12e5725b36a,Trung Thịnh Nguyễn,63918a3d3e79f12e5725b36a,05/Jan/23 3:31 PM,05/Jan/23 4:12 PM,05/Jan/23 4:30 PM,,,0,registration,Verify Invalid password,,Trung Thịnh Nguyễn,63918a3d3e79f12e5725b36a,,,,,,,,,N6-22,N6-12,N6-7,N6-48,N6-15,N6-56,N6-26,N6-42,N6-35,N6-38,N6-46,N6-54,N6-30,N6-57,,,,,,N6-75,,,,,,,,,hiển thị ,,,,,,,,,,N6-2,,,hiển thị mật khẩu không hợp lệ,,,,,0|i001nj:,,BAN Sprint 2,,,,,,,,Integratiom,,Pass,,,,To Do
RI03 - Integration - Register - Verify Email Invalid,N6-61,10280,Bug,Open,N6,N6_CD21LM1,software,Huy Tran,629c7d86954f50006fc9d8b5,,Medium,,Trung Thịnh Nguyễn,63918a3d3e79f12e5725b36a,Trung Thịnh Nguyễn,63918a3d3e79f12e5725b36a,Trung Thịnh Nguyễn,63918a3d3e79f12e5725b36a,05/Jan/23 3:29 PM,05/Jan/23 4:12 PM,05/Jan/23 4:30 PM,,,0,registration, Verify Email Invalid,,Trung Thịnh Nguyễn,63918a3d3e79f12e5725b36a,,,,,,,,,N6-15,N6-12,N6-30,N6-46,N6-26,N6-7,N6-35,N6-56,N6-22,N6-48,N6-42,N6-54,N6-38,N6-57,,,,,,N6-75,,,,,,,05/Jan/23 3:28 PM;63918a3d3e79f12e5725b36a;image-20230105-082817.png;https://tranminhhuy08081997.atlassian.net/secure/attachment/10099/image-20230105-082817.png,05/Jan/23 3:29 PM;63918a3d3e79f12e5725b36a;image-20230105-082915.png;https://tranminhhuy08081997.atlassian.net/secure/attachment/10098/image-20230105-082915.png,Hiển thị đăng ký thành công,,,,,,,,,,N6-2,,,Hiển thị Email không hợp lệ,,,,,0|i001nb:,,BAN Sprint 2,,,,,,,,Integratiom,"1) Nhập họ
2) Nhập tên
3) Nhập email
4) Nhập password
5) Nhấn submit",Fail,,,,To Do
LI01 - Integration - Login - Invalid email,N6-60,10279,Bug,Open,N6,N6_CD21LM1,software,Huy Tran,629c7d86954f50006fc9d8b5,,Medium,,,,Khang Duy,63918baa5fce844d606d502d,Khang Duy,63918baa5fce844d606d502d,05/Jan/23 3:26 PM,05/Jan/23 4:00 PM,05/Jan/23 4:30 PM,,,0,Login,,,Khang Duy,63918baa5fce844d606d502d,,,,,,,,,N6-10,N6-51,N6-23,N6-19,,,,,,,,,,,,,,,,N6-73,,,,,,,05/Jan/23 3:30 PM;63918baa5fce844d606d502d;image-20230105-083032.png;https://tranminhhuy08081997.atlassian.net/secure/attachment/10100/image-20230105-083032.png,,"Hiển thị thông báo ""Yêu cầu không hợp lệ, hoặc quá hạn, phiền bạn thử lại""",,,,,,,,,,N6-1,,,"Phải hiển thị thông báo ""Email không hợp lệ""",,,,,0|i001n3:,,BAN Sprint 2,,,,,,,,Integratiom,"1) Nhập Email không hợp lệ
2) Nhập đúng hết trường còn lại",Fail,,,,To Do
RI02 - Integration - Register - Verify Invalid name,N6-59,10278,Bug,Open,N6,N6_CD21LM1,software,Huy Tran,629c7d86954f50006fc9d8b5,,Medium,,Trung Thịnh Nguyễn,63918a3d3e79f12e5725b36a,Trung Thịnh Nguyễn,63918a3d3e79f12e5725b36a,Trung Thịnh Nguyễn,63918a3d3e79f12e5725b36a,05/Jan/23 3:23 PM,05/Jan/23 4:12 PM,05/Jan/23 4:30 PM,,,0,registration,Verify Invalid name,,Trung Thịnh Nguyễn,63918a3d3e79f12e5725b36a,,,,,,,,,N6-12,N6-38,N6-26,N6-7,N6-56,N6-35,N6-42,N6-54,N6-48,N6-30,N6-22,N6-15,N6-46,N6-57,,,,,,N6-75,,,,,,,05/Jan/23 3:23 PM;63918a3d3e79f12e5725b36a;image-20230105-082337.png;https://tranminhhuy08081997.atlassian.net/secure/attachment/10097/image-20230105-082337.png,,Hiển thị đăng ký thành công,,,,,,,,,,N6-2,,,Hiển thị tên không hợp lệ,,,,,0|i001mv:,,BAN Sprint 2,,,,,,,,Integratiom,"1) Nhập họ 
2) Nhập tên
3) Nhập email 
4) Nhập mật khẩu
5) nhấn submit",Fail,,,,To Do
RI01 - Integration - Register - Verify Invalid surname ,N6-58,10277,Bug,Open,N6,N6_CD21LM1,software,Huy Tran,629c7d86954f50006fc9d8b5,,Medium,,Trung Thịnh Nguyễn,63918a3d3e79f12e5725b36a,Trung Thịnh Nguyễn,63918a3d3e79f12e5725b36a,Trung Thịnh Nguyễn,63918a3d3e79f12e5725b36a,05/Jan/23 3:20 PM,05/Jan/23 4:12 PM,05/Jan/23 4:30 PM,,,0,registration,Verify Invalid surname ,,Trung Thịnh Nguyễn,63918a3d3e79f12e5725b36a,,,,,,,,,N6-15,N6-26,N6-7,N6-46,N6-35,N6-22,N6-30,N6-12,N6-38,N6-57,N6-48,N6-42,N6-54,N6-56,,,,,,N6-75,,,,,,,05/Jan/23 3:19 PM;63918a3d3e79f12e5725b36a;image-20230105-081953.png;https://tranminhhuy08081997.atlassian.net/secure/attachment/10096/image-20230105-081953.png,,Đăng ký tài khoản thành công,,,,,,,,,,N6-2,,,Không đăng ký tài khoản thành công,,,,,0|i001mn:,,BAN Sprint 2,,,,,,,,Integratiom,"1) Nhập họ
2) Nhập tên 
3) Nhập email 
4) Nhập password
5) Nhấn submit",Fail,,,,To Do
R14- registered -  Verify password cannot be left blank,N6-57,10276,Story,To Do,N6,N6_CD21LM1,software,Huy Tran,629c7d86954f50006fc9d8b5,,Medium,,,,Huy Tran,629c7d86954f50006fc9d8b5,Huy Tran,629c7d86954f50006fc9d8b5,05/Jan/23 3:07 PM,05/Jan/23 3:42 PM,05/Jan/23 3:07 PM,,,0,registration,,,Huy Tran,629c7d86954f50006fc9d8b5,,,,,,,,,,,,,,,,,,,,,,,,,,,,N6-58,N6-59,N6-61,N6-62,,,,,,"hiển thị ""password cannot be left blank""",,,,,,,,,,N6-2,,,"hiển thị ""password cannot be left blank""",,,,,0|i001mf:,,BAN Sprint 1,,,,,,,,Unit,1)bỏ trống password,Pass,,,,To Do
R13- registered -  Verify email already exists,N6-56,10275,Story,To Do,N6,N6_CD21LM1,software,Huy Tran,629c7d86954f50006fc9d8b5,,Medium,,,,Huy Tran,629c7d86954f50006fc9d8b5,Huy Tran,629c7d86954f50006fc9d8b5,05/Jan/23 3:03 PM,05/Jan/23 3:42 PM,05/Jan/23 3:04 PM,,,0,registration,,,Huy Tran,629c7d86954f50006fc9d8b5,,,,,,,,,,,,,,,,,,,,,,,,,,,,N6-58,N6-59,N6-61,N6-62,,,,,,"hiển thị ""email already exists""",,,,,,,,,,N6-2,,,"hiển thị ""email already exists""",,,,,0|i001m7:,,BAN Sprint 1,,,,,,,,Unit,1)nhập email đã đăng kí,Pass,,,,To Do
C18 - Cart - Verify do not enter the ward,N6-55,10274,Story,To Do,N6,N6_CD21LM1,software,Huy Tran,629c7d86954f50006fc9d8b5,,Medium,,,,Khang Duy,63918baa5fce844d606d502d,Lưu Minh Tuấn,629c769c9f5d480069c74a1d,05/Jan/23 3:01 PM,05/Jan/23 4:04 PM,05/Jan/23 4:30 PM,,,0,Cart,,,Lưu Minh Tuấn,629c769c9f5d480069c74a1d,,,,,,,,,,,,,,,,,,,,,,,,,,,,N6-72,N6-65,N6-66,N6-68,N6-69,N6-70,N6-71,,,Please enter your ward is be shown,,,,,,,,,,N6-4,,,"hiển thị ""Please enter your ward""",,,,,0|i001lz:,,,,,,,,,,Unit,1.không chọn phường,Pass,,,,To Do
R13- registered -  Verify Invalid email,N6-54,10273,Story,To Do,N6,N6_CD21LM1,software,Huy Tran,629c7d86954f50006fc9d8b5,,Medium,,,,Huy Tran,629c7d86954f50006fc9d8b5,Huy Tran,629c7d86954f50006fc9d8b5,05/Jan/23 3:01 PM,05/Jan/23 3:42 PM,05/Jan/23 3:01 PM,,,0,registration,,,Huy Tran,629c7d86954f50006fc9d8b5,,,,,,,,,,,,,,,,,,,,,,,,,,,,N6-58,N6-59,N6-61,N6-62,,,,,,"hiển thị ""Invalid email""",,,,,,,,,,N6-2,,,"hiển thị ""Invalid email""",,,,,0|i001lr:,,BAN Sprint 1,,,,,,,,Unit,1)Nhập email không hợp lệ,Pass,,,,To Do
FP04- Forgot Password - Verify Firts Character is not be blank,N6-53,10272,Bug,Open,N6,N6_CD21LM1,software,Huy Tran,629c7d86954f50006fc9d8b5,,Medium,,Trung Thịnh Nguyễn,63918a3d3e79f12e5725b36a,Trung Thịnh Nguyễn,63918a3d3e79f12e5725b36a,Trung Thịnh Nguyễn,63918a3d3e79f12e5725b36a,05/Jan/23 3:00 PM,05/Jan/23 3:51 PM,05/Jan/23 4:30 PM,,,0,ForgotPassword,Verify Firts Character is not be blank,,Trung Thịnh Nguyễn,63918a3d3e79f12e5725b36a,,,,,,,,,,,,,,,,,,,,,,,,,,,,N6-67,,,,,,,05/Jan/23 3:00 PM;63918a3d3e79f12e5725b36a;image-20230105-080043.png;https://tranminhhuy08081997.atlassian.net/secure/attachment/10095/image-20230105-080043.png,,Không hiển thị,,,,,,,,,,N6-5,,,"Hiển thị ""Không được nhập kí tự đầu là khoảng trống""",,,,,0|i001lj:,,BAN Sprint 1,,,,,,,,Unit,"1) Nhập kí tự đầu là khoảng trống
2) Nhấn submit",Fail,,,,To Do
C17 - Cart - Verify select county do not enter the county,N6-52,10271,Story,To Do,N6,N6_CD21LM1,software,Huy Tran,629c7d86954f50006fc9d8b5,,Medium,,,,Khang Duy,63918baa5fce844d606d502d,Lưu Minh Tuấn,629c769c9f5d480069c74a1d,05/Jan/23 2:58 PM,05/Jan/23 4:04 PM,05/Jan/23 4:30 PM,,,0,Cart,,,Lưu Minh Tuấn,629c769c9f5d480069c74a1d,,,,,,,,,,,,,,,,,,,,,,,,,,,,N6-72,N6-65,N6-66,N6-68,N6-69,N6-70,N6-71,,,Please enter your district is be shown,,,,,,,,,,N6-4,,,"hiển thị ""Please enter your district""",,,,,0|i001lb:,,BAN Sprint 1,,,,,,,,Unit,1.không chọn quận nào,Pass,,,,To Do
L04 - Verify Email - Special character are not allowed,N6-51,10270,Bug,Open,N6,N6_CD21LM1,software,Huy Tran,629c7d86954f50006fc9d8b5,,Medium,,,,Khang Duy,63918baa5fce844d606d502d,Khang Duy,63918baa5fce844d606d502d,05/Jan/23 2:57 PM,05/Jan/23 3:27 PM,05/Jan/23 4:30 PM,,,0,Login,Verify Email - Special character are not allowed,,Khang Duy,63918baa5fce844d606d502d,,,,,,,,,,,,,,,,,,,,,,,,,,,,N6-60,,,,,,,05/Jan/23 2:56 PM;63918baa5fce844d606d502d;image-20230105-075604.png;https://tranminhhuy08081997.atlassian.net/secure/attachment/10094/image-20230105-075604.png,,Không hiển thị,,,,,,,,,,N6-1,,,"Phải hiển thị thông báo ""Special character are not allowed""",,,,,0|i001l3:,,BAN Sprint 1,,,,,,,,Unit,1) Nhập ký tự đặc biệt vào trường Email,Fail,,,,To Do
C16 - Cart - Verify City chose city,N6-50,10269,Story,To Do,N6,N6_CD21LM1,software,Huy Tran,629c7d86954f50006fc9d8b5,,Medium,,,,Khang Duy,63918baa5fce844d606d502d,Lưu Minh Tuấn,629c769c9f5d480069c74a1d,05/Jan/23 2:56 PM,05/Jan/23 4:04 PM,05/Jan/23 4:30 PM,,,0,Cart,,,Lưu Minh Tuấn,629c769c9f5d480069c74a1d,,,,,,,,,,,,,,,,,,,,,,,,,,,,N6-72,N6-65,N6-66,N6-68,N6-69,N6-70,N6-71,,,Please enter your province is be shown,,,,,,,,,,N6-4,,,"hiển thị ""Please enter your province""",,,,,0|i001kv:,,BAN Sprint 1,,,,,,,,Unit,1.không chọn thành phố,Pass,,,,To Do
C15 - Cart - Verify Address Special characters are not allowed,N6-49,10268,Bug,Open,N6,N6_CD21LM1,software,Huy Tran,629c7d86954f50006fc9d8b5,,Medium,,,,Khang Duy,63918baa5fce844d606d502d,Lưu Minh Tuấn,629c769c9f5d480069c74a1d,05/Jan/23 2:52 PM,05/Jan/23 4:04 PM,05/Jan/23 4:30 PM,,,0,Cart,"!image-20230105-075122.png|width=634,height=72!",,Lưu Minh Tuấn,629c769c9f5d480069c74a1d,,,,,,,,,,,,,,,,,,,,,,,,,,,,N6-72,N6-65,N6-66,N6-68,N6-69,N6-70,N6-71,05/Jan/23 2:52 PM;629c769c9f5d480069c74a1d;image-20230105-075122.png;https://tranminhhuy08081997.atlassian.net/secure/attachment/10092/image-20230105-075122.png,,Address Special characters are not allowed is be shown,,,,,,,,,,N6-4,,,"hiển thị ""Address Special characters are not allowed"" ",,,,,0|i001kn:,,BAN Sprint 1,,,,,,,,Unit,1. ghi ký tự đặc biệt,Fail,,,,To Do
R12- registered -  Verify Name cannot be more than 10 characters,N6-48,10267,Bug,Open,N6,N6_CD21LM1,software,Huy Tran,629c7d86954f50006fc9d8b5,,Medium,,,,Huy Tran,629c7d86954f50006fc9d8b5,Huy Tran,629c7d86954f50006fc9d8b5,05/Jan/23 2:52 PM,05/Jan/23 3:42 PM,05/Jan/23 2:52 PM,,,0,registration,,,Huy Tran,629c7d86954f50006fc9d8b5,,,,,,,,,,,,,,,,,,,,,,,,,,,,N6-58,N6-59,N6-61,N6-62,,,,05/Jan/23 2:52 PM;629c7d86954f50006fc9d8b5;image-20230105-075233.png;https://tranminhhuy08081997.atlassian.net/secure/attachment/10093/image-20230105-075233.png,,không hiển thị,,,,,,,,,,N6-2,,,"hiển thị ""Name cannot be more than 10 characters""",,,,,0|i001kf:,,BAN Sprint 1,,,,,,,,Unit,1)nhập hơn 10 kí tự ,Fail,,,"05/Jan/23 2:52 PM;629c7d86954f50006fc9d8b5;!image-20230105-075233.png|width=402,height=280!",To Do
C14 - Cart - Verify Address  First character can not have space,N6-47,10266,Bug,Open,N6,N6_CD21LM1,software,Huy Tran,629c7d86954f50006fc9d8b5,,Medium,,,,Khang Duy,63918baa5fce844d606d502d,Lưu Minh Tuấn,629c769c9f5d480069c74a1d,05/Jan/23 2:50 PM,05/Jan/23 4:04 PM,05/Jan/23 4:30 PM,,,0,Cart,"!image-20230105-074839.png|width=601,height=55!",,Lưu Minh Tuấn,629c769c9f5d480069c74a1d,,,,,,,,,,,,,,,,,,,,,,,,,,,,N6-72,N6-65,N6-66,N6-68,N6-69,N6-70,N6-71,05/Jan/23 2:50 PM;629c769c9f5d480069c74a1d;image-20230105-074839.png;https://tranminhhuy08081997.atlassian.net/secure/attachment/10091/image-20230105-074839.png,,Address  First character can not have space is be shown,,,,,,,,,,N6-4,,,"hiển thị ""Address  First character can not have space""",,,,,0|i001k7:,,BAN Sprint 1,,,,,,,,Unit,1.nhấn 2 ký tự sau đó cách 2 ký tự ra,Fail,,,,To Do
R11- registered -  Verify Names cannot be numeric,N6-46,10265,Bug,Open,N6,N6_CD21LM1,software,Huy Tran,629c7d86954f50006fc9d8b5,,Medium,,,,Huy Tran,629c7d86954f50006fc9d8b5,Huy Tran,629c7d86954f50006fc9d8b5,05/Jan/23 2:48 PM,05/Jan/23 3:42 PM,05/Jan/23 2:48 PM,,,0,registration,,,Huy Tran,629c7d86954f50006fc9d8b5,,,,,,,,,,,,,,,,,,,,,,,,,,,,N6-58,N6-59,N6-61,N6-62,,,,05/Jan/23 2:49 PM;629c7d86954f50006fc9d8b5;image-20230105-074919.png;https://tranminhhuy08081997.atlassian.net/secure/attachment/10089/image-20230105-074919.png,,không hiển thị,,,,,,,,,,N6-2,,,"hiển thị ""Names cannot be numeric""",,,,,0|i001jz:,,BAN Sprint 1,,,,,,,,Unit,1)nhập số vào mục tên,Fail,,,"05/Jan/23 2:49 PM;629c7d86954f50006fc9d8b5;!image-20230105-074919.png|width=394,height=278!",To Do
C13 - Cart - Verify Address Field must not be blank,N6-45,10264,Story,To Do,N6,N6_CD21LM1,software,Huy Tran,629c7d86954f50006fc9d8b5,,Medium,,,,Khang Duy,63918baa5fce844d606d502d,Lưu Minh Tuấn,629c769c9f5d480069c74a1d,05/Jan/23 2:47 PM,05/Jan/23 4:04 PM,05/Jan/23 4:30 PM,,,0,Cart,,,Lưu Minh Tuấn,629c769c9f5d480069c74a1d,,,,,,,,,,,,,,,,,,,,,,,,,,,,N6-72,N6-65,N6-66,N6-68,N6-69,N6-70,N6-71,,,Address Field must not be blank is be shown,,,,,,,,,,N6-4,,,"hiển thị ""Address Field must not be blank""",,,,,0|i001jr:,,BAN Sprint 1,,,,,,,,Unit,1.bỏ trống,Pass,,,,To Do
FP03 - Forgot Password - Verify Email is not blank,N6-44,10263,Bug,Open,N6,N6_CD21LM1,software,Huy Tran,629c7d86954f50006fc9d8b5,,Medium,,Trung Thịnh Nguyễn,63918a3d3e79f12e5725b36a,Trung Thịnh Nguyễn,63918a3d3e79f12e5725b36a,Trung Thịnh Nguyễn,63918a3d3e79f12e5725b36a,05/Jan/23 2:47 PM,05/Jan/23 3:51 PM,05/Jan/23 4:30 PM,,,0,ForgotPassword,Verify Email is not blank,,Trung Thịnh Nguyễn,63918a3d3e79f12e5725b36a,,,,,,,,,,,,,,,,,,,,,,,,,,,,N6-67,,,,,,,05/Jan/23 2:47 PM;63918a3d3e79f12e5725b36a;image-20230105-074706.png;https://tranminhhuy08081997.atlassian.net/secure/attachment/10088/image-20230105-074706.png,,"Hiển thị ""Email không hợp lệ""",,,,,,,,,,N6-5,,,"Hiển thị thông báo ""Email không được để trống""",,,,,0|i001jj:,,BAN Sprint 1,,,,,,,,Unit,"1) bỏ trống Email 
2) Nhấn submit",Fail,,,,To Do
C08.1 - Cart - Verify Email is not valid,N6-43,10262,Story,To Do,N6,N6_CD21LM1,software,Huy Tran,629c7d86954f50006fc9d8b5,,Medium,,,,Khang Duy,63918baa5fce844d606d502d,Lưu Minh Tuấn,629c769c9f5d480069c74a1d,05/Jan/23 2:46 PM,05/Jan/23 4:04 PM,05/Jan/23 4:30 PM,,,0,Cart,,,Lưu Minh Tuấn,629c769c9f5d480069c74a1d,,,,,,,,,,,,,,,,,,,,,,,,,,,,N6-72,N6-65,N6-66,N6-68,N6-69,N6-70,N6-71,,,Email ID is not valid is be shown,,,,,,,,,,N6-4,,,"hiển thị ""Email ID is not valid""",,,,,0|i001jb:,,BAN Sprint 1,,,,,,,,Unit,1. viết một ký tự,Pass,,,,To Do
R09- registered -  Verify Name cannot contain special characters,N6-42,10261,Bug,Open,N6,N6_CD21LM1,software,Huy Tran,629c7d86954f50006fc9d8b5,,Medium,,,,Huy Tran,629c7d86954f50006fc9d8b5,Huy Tran,629c7d86954f50006fc9d8b5,05/Jan/23 2:45 PM,05/Jan/23 3:42 PM,05/Jan/23 2:45 PM,,,0,registration,,,Huy Tran,629c7d86954f50006fc9d8b5,,,,,,,,,,,,,,,,,,,,,,,,,,,,N6-58,N6-59,N6-61,N6-62,,,,05/Jan/23 2:46 PM;629c7d86954f50006fc9d8b5;image-20230105-074637.png;https://tranminhhuy08081997.atlassian.net/secure/attachment/10087/image-20230105-074637.png,,không hiển thị,,,,,,,,,,N6-2,,,"hiển thị ""Name cannot contain special characters""",,,,,0|i001j3:,,BAN Sprint 1,,,,,,,,Unit,1)ghi tứ đặc biệt,Fail,,,"05/Jan/23 2:46 PM;629c7d86954f50006fc9d8b5;!image-20230105-074637.png|width=394,height=278!",To Do
L07 - Verify Password - Password must be at least 10 characters,N6-41,10260,Bug,Open,N6,N6_CD21LM1,software,Huy Tran,629c7d86954f50006fc9d8b5,,Medium,,,,Khang Duy,63918baa5fce844d606d502d,Khang Duy,63918baa5fce844d606d502d,05/Jan/23 2:45 PM,05/Jan/23 3:35 PM,05/Jan/23 4:30 PM,,,0,Login,Verify Password - Password must be at least 10 characters,,Khang Duy,63918baa5fce844d606d502d,,,,,,,,,,,,,,,,,,,,,,,,,,,,N6-63,,,,,,,05/Jan/23 2:43 PM;63918baa5fce844d606d502d;image-20230105-074333.png;https://tranminhhuy08081997.atlassian.net/secure/attachment/10086/image-20230105-074333.png,,Không hiển thị,,,,,,,,,,N6-1,,,"Phải hiển thị thông báo ""Password must be at least 10 characters""",,,,,0|i001iv:,,BAN Sprint 1,,,,,,,,Unit,1) Nhập ít hơn 10 ký tự vào trường Password,Fail,,,,To Do
C12 - Cart - Verify Phone First character can not have space,N6-40,10259,Bug,Open,N6,N6_CD21LM1,software,Huy Tran,629c7d86954f50006fc9d8b5,,Medium,,,,Khang Duy,63918baa5fce844d606d502d,Lưu Minh Tuấn,629c769c9f5d480069c74a1d,05/Jan/23 2:44 PM,05/Jan/23 4:04 PM,05/Jan/23 4:30 PM,,,0,Cart,"!image-20230105-074418.png|width=200,height=60!",,Lưu Minh Tuấn,629c769c9f5d480069c74a1d,,,,,,,,,,,,,,,,,,,,,,,,,,,,N6-72,N6-65,N6-66,N6-68,N6-69,N6-70,N6-71,05/Jan/23 2:44 PM;629c769c9f5d480069c74a1d;image-20230105-074418.png;https://tranminhhuy08081997.atlassian.net/secure/attachment/10085/image-20230105-074418.png,,First character can not have space is be shown,,,,,,,,,,N6-4,,,"hiển thị ""First character can not have space""",,,,,0|i001in:,,BAN Sprint 1,,,,,,,,Unit,1. gõ 2 số sau đó giữa 2 số cho dấu khoảng cách,Fail,,,,To Do
FP02 - Forgot Password - Verify Email is not have special character,N6-39,10258,Story,To Do,N6,N6_CD21LM1,software,Huy Tran,629c7d86954f50006fc9d8b5,,Medium,,Trung Thịnh Nguyễn,63918a3d3e79f12e5725b36a,Trung Thịnh Nguyễn,63918a3d3e79f12e5725b36a,Trung Thịnh Nguyễn,63918a3d3e79f12e5725b36a,05/Jan/23 2:44 PM,05/Jan/23 3:51 PM,05/Jan/23 4:30 PM,,,0,ForgotPassword,Verify Email is not have special character,,Trung Thịnh Nguyễn,63918a3d3e79f12e5725b36a,,,,,,,,,,,,,,,,,,,,,,,,,,,,N6-67,,,,,,,,,Hiển thị địa chỉ email không hợp lệ,,,,,,,,,,N6-5,,,Hiển thị địa chỉ email không hợp lệ,,,,,0|i001if:,,BAN Sprint 1,,,,,,,,Unit,"1) Nhập kí tự đặc biệt cho email
2) Nhấp submit",Pass,,,,To Do
R08- registered -  Verify Name cannot be left blank,N6-38,10257,Bug,Open,N6,N6_CD21LM1,software,Huy Tran,629c7d86954f50006fc9d8b5,,Medium,,,,Huy Tran,629c7d86954f50006fc9d8b5,Huy Tran,629c7d86954f50006fc9d8b5,05/Jan/23 2:42 PM,05/Jan/23 3:42 PM,05/Jan/23 2:43 PM,,,0,registration,,,Huy Tran,629c7d86954f50006fc9d8b5,,,,,,,,,,,,,,,,,,,,,,,,,,,,N6-58,N6-59,N6-61,N6-62,,,,05/Jan/23 2:43 PM;629c7d86954f50006fc9d8b5;image-20230105-074335.png;https://tranminhhuy08081997.atlassian.net/secure/attachment/10084/image-20230105-074335.png,,không hiển thị,,,,,,,,,,N6-2,,,"hiển thị ""Name cannot be left blank""",,,,,0|i001i7:,,BAN Sprint 1,,,,,,,,Unit,1)ghi khoảng trắng,Fail,,,"05/Jan/23 2:43 PM;629c7d86954f50006fc9d8b5;!image-20230105-074335.png|width=388,height=268!",To Do
C11 - Cart - Verify phone no letters ,N6-37,10256,Story,To Do,N6,N6_CD21LM1,software,Huy Tran,629c7d86954f50006fc9d8b5,,Medium,,,,Lưu Minh Tuấn,629c769c9f5d480069c74a1d,Lưu Minh Tuấn,629c769c9f5d480069c74a1d,05/Jan/23 2:42 PM,05/Jan/23 4:04 PM,05/Jan/23 4:30 PM,,,0,Cart,,,Lưu Minh Tuấn,629c769c9f5d480069c74a1d,,,,,,,,,,,,,,,,,,,,,,,,,,,,N6-72,N6-65,N6-66,N6-68,N6-69,N6-70,N6-71,,,phone no letters is be shown,,,,,,,,,,N6-4,,,"hiển thị ""phone no letters """,,,,,0|i001hz:,,BAN Sprint 1,,,,,,,,Unit,1. gõ 1 ký tự,Pass,,,,To Do
C10 - Cart - Verify phone no special letters,N6-36,10255,Story,To Do,N6,N6_CD21LM1,software,Huy Tran,629c7d86954f50006fc9d8b5,,Medium,,,,Khang Duy,63918baa5fce844d606d502d,Lưu Minh Tuấn,629c769c9f5d480069c74a1d,05/Jan/23 2:39 PM,05/Jan/23 4:04 PM,05/Jan/23 4:30 PM,,,0,Cart,,,Lưu Minh Tuấn,629c769c9f5d480069c74a1d,,,,,,,,,,,,,,,,,,,,,,,,,,,,N6-72,N6-65,N6-66,N6-68,N6-69,N6-70,N6-71,,,phone no special letters is be shown,,,,,,,,,,N6-4,,,"hiển thị ""phone no special letters""",,,,,0|i001hr:,,BAN Sprint 1,,,,,,,,Unit,1.ghi vào ký tự đặc biệt,Pass,,,,To Do
R07- registered -  Verify Name cannot be empty,N6-35,10254,Bug,Open,N6,N6_CD21LM1,software,Huy Tran,629c7d86954f50006fc9d8b5,,Medium,,,,Huy Tran,629c7d86954f50006fc9d8b5,Huy Tran,629c7d86954f50006fc9d8b5,05/Jan/23 2:39 PM,05/Jan/23 3:42 PM,05/Jan/23 2:40 PM,,,0,registration,,,Huy Tran,629c7d86954f50006fc9d8b5,,,,,,,,,,,,,,,,,,,,,,,,,,,,N6-58,N6-59,N6-61,N6-62,,,,05/Jan/23 2:39 PM;629c7d86954f50006fc9d8b5;image-20230105-073939.png;https://tranminhhuy08081997.atlassian.net/secure/attachment/10083/image-20230105-073939.png,,không hiển thị,,,,,,,,,,N6-2,,,"hiển thị ""Name cannot be empty""",,,,,0|i001hj:,,BAN Sprint 1,,,,,,,,Unit,1)Bỏ trống mục tên,Fail,,,"05/Jan/23 2:39 PM;629c7d86954f50006fc9d8b5;!image-20230105-073939.png|width=396,height=278!",To Do
FP01 - Forgot Password - Verify Email is not valid,N6-34,10253,Story,To Do,N6,N6_CD21LM1,software,Huy Tran,629c7d86954f50006fc9d8b5,,Medium,,Trung Thịnh Nguyễn,63918a3d3e79f12e5725b36a,Trung Thịnh Nguyễn,63918a3d3e79f12e5725b36a,Trung Thịnh Nguyễn,63918a3d3e79f12e5725b36a,05/Jan/23 2:39 PM,05/Jan/23 3:51 PM,05/Jan/23 4:30 PM,,,0,ForgotPassword,Verify Email is not valid,,Trung Thịnh Nguyễn,63918a3d3e79f12e5725b36a,,,,,,,,,,,,,,,,,,,,,,,,,,,,N6-67,,,,,,,,,Không tìm thấy email,,,,,,,,,,N6-5,,,Không tìm thấy email ,,,,,0|i001hb:,,BAN Sprint 1,,,,,,,,Unit,1) Nhập email bất kì không hợp lệ ,Pass,,,,To Do
L06 - Verify Password - First character can not have space,N6-33,10252,Bug,Open,N6,N6_CD21LM1,software,Huy Tran,629c7d86954f50006fc9d8b5,,Medium,,,,Khang Duy,63918baa5fce844d606d502d,Khang Duy,63918baa5fce844d606d502d,05/Jan/23 2:38 PM,05/Jan/23 3:35 PM,05/Jan/23 4:30 PM,,,0,Login,Verify Password - First character can not have space,,Khang Duy,63918baa5fce844d606d502d,,,,,,,,,,,,,,,,,,,,,,,,,,,,N6-63,,,,,,,05/Jan/23 2:38 PM;63918baa5fce844d606d502d;image-20230105-073829.png;https://tranminhhuy08081997.atlassian.net/secure/attachment/10082/image-20230105-073829.png,,Không hiển thị,,,,,,,,,,N6-1,,,"Phải hiển thị thông báo ""First character can not have space""",,,,,0|i001h3:,,BAN Sprint 1,,,,,,,,Unit,1) Nhập ký tự khoảng trắng vào trường Password,Fail,,,,To Do
C09 - Cart - Verify Phone number can't be blank,N6-32,10251,Story,To Do,N6,N6_CD21LM1,software,Huy Tran,629c7d86954f50006fc9d8b5,,Medium,,,,Khang Duy,63918baa5fce844d606d502d,Lưu Minh Tuấn,629c769c9f5d480069c74a1d,05/Jan/23 2:38 PM,05/Jan/23 4:04 PM,05/Jan/23 4:30 PM,,,0,Cart,,,Lưu Minh Tuấn,629c769c9f5d480069c74a1d,,,,,,,,,,,,,,,,,,,,,,,,,,,,N6-72,N6-65,N6-66,N6-68,N6-69,N6-70,N6-71,,,Phone number can't be blank is be shown,,,,,,,,,,N6-4,,,"hiển thị ""Phone number can't be blank""",,,,,0|i001gv:,,BAN Sprint 1,,,,,,,,Unit,1.bỏ trống ,Pass,,,,To Do
C08 - Cart - Verify Email Numbers are not allowed,N6-31,10250,Bug,Open,N6,N6_CD21LM1,software,Huy Tran,629c7d86954f50006fc9d8b5,,Medium,,,,Khang Duy,63918baa5fce844d606d502d,Lưu Minh Tuấn,629c769c9f5d480069c74a1d,05/Jan/23 2:34 PM,05/Jan/23 4:04 PM,05/Jan/23 4:30 PM,,,0,Cart,"!image-20230105-073416.png|width=404,height=57!",,Lưu Minh Tuấn,629c769c9f5d480069c74a1d,,,,,,,,,,,,,,,,,,,,,,,,,,,,N6-72,N6-65,N6-66,N6-68,N6-69,N6-70,N6-71,05/Jan/23 2:34 PM;629c769c9f5d480069c74a1d;image-20230105-073416.png;https://tranminhhuy08081997.atlassian.net/secure/attachment/10080/image-20230105-073416.png,,Numbers are not allowed is be shown,,,,,,,,,,N6-4,,,"hiển thị ""Numbers are not allowed""",,,,,0|i001gn:,,BAN Sprint 1,,,,,,,,Unit,1.nhấm số vào email,Fail,,,,To Do
R06- registered - Verify Last name cannot be less than 2 character,N6-30,10249,Bug,Open,N6,N6_CD21LM1,software,Huy Tran,629c7d86954f50006fc9d8b5,,Medium,,,,Huy Tran,629c7d86954f50006fc9d8b5,Huy Tran,629c7d86954f50006fc9d8b5,05/Jan/23 2:34 PM,05/Jan/23 3:42 PM,05/Jan/23 2:36 PM,,,0,registration,,,Huy Tran,629c7d86954f50006fc9d8b5,,,,,,,,,,,,,,,,,,,,,,,,,,,,N6-58,N6-59,N6-61,N6-62,,,,05/Jan/23 2:35 PM;629c7d86954f50006fc9d8b5;image-20230105-073504.png;https://tranminhhuy08081997.atlassian.net/secure/attachment/10081/image-20230105-073504.png,,không hiển thị,,,,,,,,,,N6-2,,,"hiển thị ""Last name cannot be less than 2 character""",,,,,0|i001gf:,,BAN Sprint 1,,,,,,,,Unit,1)Nhập 1 kí tự ,Fail,,,"05/Jan/23 2:35 PM;629c7d86954f50006fc9d8b5;!image-20230105-073504.png|width=404,height=276!",To Do
L05 - Verify Password - Password must not be blank,N6-29,10248,Bug,Open,N6,N6_CD21LM1,software,Huy Tran,629c7d86954f50006fc9d8b5,,Medium,,,,Khang Duy,63918baa5fce844d606d502d,Khang Duy,63918baa5fce844d606d502d,05/Jan/23 2:34 PM,05/Jan/23 3:35 PM,05/Jan/23 4:30 PM,,,0,Login,Verify Password - Password must not be blank,,Khang Duy,63918baa5fce844d606d502d,,,,,,,,,,,,,,,,,,,,,,,,,,,,N6-63,,,,,,,05/Jan/23 2:31 PM;63918baa5fce844d606d502d;image-20230105-073138.png;https://tranminhhuy08081997.atlassian.net/secure/attachment/10079/image-20230105-073138.png,,Không hiển thị,,,,,,,,,,N6-1,,,"Phải hiển thị thông báo ""Password must not be blank""",,,,,0|i001g7:,,BAN Sprint 1,,,,,,,,Unit,"1) Không nhập ký tự vào trường Password
2) Nhấn Tab chuyển sang trường tiếp theo",Fail,,,,To Do
C07 - Cart - Verify Email Address Field must not be blank,N6-28,10247,Bug,Open,N6,N6_CD21LM1,software,Huy Tran,629c7d86954f50006fc9d8b5,,Medium,,,,Khang Duy,63918baa5fce844d606d502d,Lưu Minh Tuấn,629c769c9f5d480069c74a1d,05/Jan/23 2:32 PM,05/Jan/23 4:04 PM,05/Jan/23 4:30 PM,,,0,Cart,"!image-20230105-073143.png|width=439,height=70!",,Lưu Minh Tuấn,629c769c9f5d480069c74a1d,,,,,,,,,,,,,,,,,,,,,,,,,,,,N6-72,N6-65,N6-66,N6-68,N6-69,N6-70,N6-71,05/Jan/23 2:32 PM;629c769c9f5d480069c74a1d;image-20230105-073143.png;https://tranminhhuy08081997.atlassian.net/secure/attachment/10078/image-20230105-073143.png,,Address Field must not be blank is be shown,,,,,,,,,,N6-4,,,"hiển thị ""Address Field must not be blank""",,,,,0|i001fz:,,BAN Sprint 1,,,,,,,,Unit,1. để trống không nhập ,Fail,,,,To Do
S08 - Search - Verify Product search suggestions in search bar,N6-27,10246,Bug,Open,N6,N6_CD21LM1,software,Huy Tran,629c7d86954f50006fc9d8b5,,Medium,,Trung Thịnh Nguyễn,63918a3d3e79f12e5725b36a,Trung Thịnh Nguyễn,63918a3d3e79f12e5725b36a,Trung Thịnh Nguyễn,63918a3d3e79f12e5725b36a,05/Jan/23 2:32 PM,05/Jan/23 3:46 PM,05/Jan/23 4:30 PM,,,0,,Verify Product search suggestions in search bar,,Trung Thịnh Nguyễn,63918a3d3e79f12e5725b36a,,,,,,,,,,,,,,,,,,,,,,,,,,,,N6-64,,,,,,,05/Jan/23 2:32 PM;63918a3d3e79f12e5725b36a;image-20230105-073216.png;https://tranminhhuy08081997.atlassian.net/secure/attachment/10075/image-20230105-073216.png,,Không hiển thị gợi ý sản phẩm cho người dùng,,,,,,,,,,N6-3,,,Hiển thị gợi ý sản phẩm cho người dùng,,,,,0|i001fr:,,BAN Sprint 1,,,,,,,,Unit,1) Nhấp vào thanh tìm kiếm,Fail,,,,To Do
R05- registered -  Verify  Surname can't be more than 10 characters,N6-26,10245,Bug,Open,N6,N6_CD21LM1,software,Huy Tran,629c7d86954f50006fc9d8b5,,Medium,,,,Huy Tran,629c7d86954f50006fc9d8b5,Huy Tran,629c7d86954f50006fc9d8b5,05/Jan/23 2:30 PM,05/Jan/23 3:42 PM,05/Jan/23 2:31 PM,,,0,registration,,,Huy Tran,629c7d86954f50006fc9d8b5,,,,,,,,,,,,,,,,,,,,,,,,,,,,N6-58,N6-59,N6-61,N6-62,,,,05/Jan/23 2:30 PM;629c7d86954f50006fc9d8b5;image-20230105-073042.png;https://tranminhhuy08081997.atlassian.net/secure/attachment/10074/image-20230105-073042.png,,không hiển thị nội dung,,,,,,,,,,N6-2,,,"hiển thị ""Surname can't be more than 10 characters"" ",,,,,0|i001fj:,,BAN Sprint 1,,,,,,,,Unit,1)Nhập nhiều hơn 10 kí tự,Fail,,,"05/Jan/23 2:30 PM;629c7d86954f50006fc9d8b5;!image-20230105-073042.png|width=398,height=278!",To Do
C06 - Cart - Verify Email First character can not have space,N6-25,10244,Bug,Open,N6,N6_CD21LM1,software,Huy Tran,629c7d86954f50006fc9d8b5,,Medium,,,,Khang Duy,63918baa5fce844d606d502d,Lưu Minh Tuấn,629c769c9f5d480069c74a1d,05/Jan/23 2:29 PM,05/Jan/23 4:04 PM,05/Jan/23 4:30 PM,,,0,Cart,"!image-20230105-072833.png|width=417,height=67!",,Lưu Minh Tuấn,629c769c9f5d480069c74a1d,,,,,,,,,,,,,,,,,,,,,,,,,,,,N6-72,N6-65,N6-66,N6-68,N6-69,N6-70,N6-71,05/Jan/23 2:29 PM;629c769c9f5d480069c74a1d;image-20230105-072833.png;https://tranminhhuy08081997.atlassian.net/secure/attachment/10073/image-20230105-072833.png,,First character can not have space is be shown,,,,,,,,,,N6-4,,,"hiển thị ""First character can not have space""",,,,,0|i001fb:,,BAN Sprint 1,,,,,,,,Unit,1.Nhần 3 ký tự và nhấn khoảng cách ký tự đầu,Fail,,,,To Do
S07 - Search - Verify Search filtering in search bar,N6-24,10243,Bug,Open,N6,N6_CD21LM1,software,Huy Tran,629c7d86954f50006fc9d8b5,,Medium,,Trung Thịnh Nguyễn,63918a3d3e79f12e5725b36a,Trung Thịnh Nguyễn,63918a3d3e79f12e5725b36a,Trung Thịnh Nguyễn,63918a3d3e79f12e5725b36a,05/Jan/23 2:27 PM,05/Jan/23 3:46 PM,05/Jan/23 4:30 PM,,,0,Search,Verify Search filtering in search bar,,Trung Thịnh Nguyễn,63918a3d3e79f12e5725b36a,,,,,,,,,,,,,,,,,,,,,,,,,,,,N6-64,,,,,,,05/Jan/23 2:27 PM;63918a3d3e79f12e5725b36a;image-20230105-072726.png;https://tranminhhuy08081997.atlassian.net/secure/attachment/10072/image-20230105-072726.png,,Không hiển thị lọc tìm kiếm sản phẩm,,,,,,,,,,N6-3,,,Hiển thị lọc tìm kiếm sản phẩm,,,,,0|i001f3:,,BAN Sprint 1,,,,,,,,Unit,,Fail,,,,To Do
L03 - Verify Email - Email is not valid,N6-23,10242,Bug,Open,N6,N6_CD21LM1,software,Huy Tran,629c7d86954f50006fc9d8b5,,Medium,,,,Khang Duy,63918baa5fce844d606d502d,Khang Duy,63918baa5fce844d606d502d,05/Jan/23 2:26 PM,05/Jan/23 3:27 PM,05/Jan/23 4:30 PM,,,0,Login,Verify Email - Email is not valid,,Khang Duy,63918baa5fce844d606d502d,,,,,,,,,,,,,,,,,,,,,,,,,,,,N6-60,,,,,,,05/Jan/23 2:23 PM;63918baa5fce844d606d502d;image-20230105-072347.png;https://tranminhhuy08081997.atlassian.net/secure/attachment/10071/image-20230105-072347.png,,Không hiển thị,,,,,,,,,,N6-1,,,"Phải hiển thị thông báo ""Email is not valid""",,,,,0|i001ev:,,BAN Sprint 1,,,,,,,,Unit,1) Nhập email không hợp lệ vào trường Email,Fail,,,,To Do
R04- registered -  Verify  put the number at the beginning of the last name,N6-22,10241,Bug,Open,N6,N6_CD21LM1,software,Huy Tran,629c7d86954f50006fc9d8b5,,Medium,,,,Huy Tran,629c7d86954f50006fc9d8b5,Huy Tran,629c7d86954f50006fc9d8b5,05/Jan/23 2:25 PM,05/Jan/23 3:42 PM,05/Jan/23 2:26 PM,,,0,registration,,,Huy Tran,629c7d86954f50006fc9d8b5,,,,,,,,,,,,,,,,,,,,,,,,,,,,N6-58,N6-59,N6-61,N6-62,,,,05/Jan/23 2:26 PM;629c7d86954f50006fc9d8b5;image-20230105-072607.png;https://tranminhhuy08081997.atlassian.net/secure/attachment/10070/image-20230105-072607.png,,không hiển thị,,,,,,,,,,N6-2,,,"2)hiển thị ""Do not include a number at the beginning of the surname""",,,,,0|i001en:,,BAN Sprint 1,,,,,,,,Unit,1)Nhập số ở đầu mục họ,Fail,,,"05/Jan/23 2:26 PM;629c7d86954f50006fc9d8b5;!image-20230105-072607.png|width=401,height=276!",To Do
C05 - Cart - Verify Email Special characters are not allowed,N6-21,10240,Bug,Open,N6,N6_CD21LM1,software,Huy Tran,629c7d86954f50006fc9d8b5,,Medium,,,,Khang Duy,63918baa5fce844d606d502d,Lưu Minh Tuấn,629c769c9f5d480069c74a1d,05/Jan/23 2:25 PM,05/Jan/23 4:04 PM,05/Jan/23 4:30 PM,,,0,Cart,,,Lưu Minh Tuấn,629c769c9f5d480069c74a1d,,,,,,,,,,,,,,,,,,,,,,,,,,,,N6-72,N6-65,N6-66,N6-68,N6-69,N6-70,N6-71,05/Jan/23 2:25 PM;629c769c9f5d480069c74a1d;image-20230105-072556.png;https://tranminhhuy08081997.atlassian.net/secure/attachment/10069/image-20230105-072556.png,,Special characters are not allowed is be shown,,,,,,,,,,N6-4,,,"hiển thị Special characters are not allowed"""" ",,,,,0|i001ef:,,BAN Sprint 1,,,,,,,,Unit,1. nhần vào email 1 ký tự đặc biệt.,Fail,,2023-01-05 07:26:00.223,"05/Jan/23 2:26 PM;629c769c9f5d480069c74a1d;!image-20230105-072556.png|width=433,height=54!",To Do
S06 - Search - Verify non-existent products in search bar,N6-20,10239,Story,To Do,N6,N6_CD21LM1,software,Huy Tran,629c7d86954f50006fc9d8b5,,Medium,,Trung Thịnh Nguyễn,63918a3d3e79f12e5725b36a,Trung Thịnh Nguyễn,63918a3d3e79f12e5725b36a,Trung Thịnh Nguyễn,63918a3d3e79f12e5725b36a,05/Jan/23 2:21 PM,05/Jan/23 3:46 PM,05/Jan/23 4:30 PM,,,0,Search,Verify non-existent products in search bar,,Trung Thịnh Nguyễn,63918a3d3e79f12e5725b36a,,,,,,,,,,,,,,,,,,,,,,,,,,,,N6-64,,,,,,,,,Không hiển thị sản phẩm,,,,,,,,,,N6-3,,,Không hiển thị sản phẩm,,,,,0|i001e7:,,BAN Sprint 1,,,,,,,,Unit,"1) Nhập sản phầm bất kì không tồn tại trong cửa hàng
2) Nhấn tìm kiếm",Pass,,,,To Do
L02 - Verify Email - First character can not have space,N6-19,10238,Bug,Open,N6,N6_CD21LM1,software,Huy Tran,629c7d86954f50006fc9d8b5,,Medium,,,,Khang Duy,63918baa5fce844d606d502d,Khang Duy,63918baa5fce844d606d502d,05/Jan/23 2:20 PM,05/Jan/23 3:27 PM,05/Jan/23 4:30 PM,,,0,Login,Verify Email - First character can not have space,,Khang Duy,63918baa5fce844d606d502d,,,,,,,,,,,,,,,,,,,,,,,,,,,,N6-60,,,,,,,05/Jan/23 2:19 PM;63918baa5fce844d606d502d;image-20230105-071929.png;https://tranminhhuy08081997.atlassian.net/secure/attachment/10068/image-20230105-071929.png,,Không hiển thị,,,,,,,,,,N6-1,,,"Phải hiển thị thông báo ""First character can not have space""",,,,,0|i001dz:,,BAN Sprint 1,,,,,,,,Unit,1) Nhập khoảng trắng vào trường Email,Fail,,,,To Do
C04 - Cart - Verify Fullname First character cannot have space,N6-18,10237,Bug,Open,N6,N6_CD21LM1,software,Huy Tran,629c7d86954f50006fc9d8b5,,Medium,,,,Khang Duy,63918baa5fce844d606d502d,Lưu Minh Tuấn,629c769c9f5d480069c74a1d,05/Jan/23 2:20 PM,05/Jan/23 4:04 PM,05/Jan/23 4:30 PM,,,0,Cart,"!image-20230105-071944.png|width=611,height=62!",,Lưu Minh Tuấn,629c769c9f5d480069c74a1d,,,,,,,,,,,,,,,,,,,,,,,,,,,,N6-72,N6-65,N6-66,N6-68,N6-69,N6-70,N6-71,05/Jan/23 2:20 PM;629c769c9f5d480069c74a1d;image-20230105-071944.png;https://tranminhhuy08081997.atlassian.net/secure/attachment/10067/image-20230105-071944.png,,First character cannot have space is be shown,,,,,,,,,,N6-4,,,"hiển thị ""First character cannot have space""",,,,,0|i001dr:,,BAN Sprint 1,,,,,,,,Unit,1.gõ một ký tự sau đó nhấn khoảng cách rồi thêm 1 ký tự,Fail,,,,To Do
S05 - Search - Verify blank first character in search bar,N6-17,10236,Bug,Open,N6,N6_CD21LM1,software,Huy Tran,629c7d86954f50006fc9d8b5,,Medium,,Trung Thịnh Nguyễn,63918a3d3e79f12e5725b36a,Trung Thịnh Nguyễn,63918a3d3e79f12e5725b36a,Trung Thịnh Nguyễn,63918a3d3e79f12e5725b36a,05/Jan/23 2:19 PM,05/Jan/23 3:46 PM,05/Jan/23 4:30 PM,,,0,Search,Verify blank first character in search bar,,Trung Thịnh Nguyễn,63918a3d3e79f12e5725b36a,,,,,,,,,,,,,,,,,,,,,,,,,,,,N6-64,,,,,,,05/Jan/23 2:19 PM;63918a3d3e79f12e5725b36a;image-20230105-071929.png;https://tranminhhuy08081997.atlassian.net/secure/attachment/10066/image-20230105-071929.png,,tìm thấy sản phẩm,,,,,,,,,,N6-3,,,Không tìm thấy sản phẩm,,,,,0|i001dj:,,BAN Sprint 1,,,,,,,,Unit,"1) Để trống kí tự đầu tiên
2) Nhấn tìm kiếm",Fail,,,,To Do
C03 - Cart - Verify fullname Special characters are not allowed,N6-16,10235,Bug,Open,N6,N6_CD21LM1,software,Huy Tran,629c7d86954f50006fc9d8b5,,Medium,,,,Khang Duy,63918baa5fce844d606d502d,Lưu Minh Tuấn,629c769c9f5d480069c74a1d,05/Jan/23 2:17 PM,05/Jan/23 4:04 PM,05/Jan/23 4:30 PM,,,0,Cart,"!image-20230105-071548.png|width=601,height=59!",,Lưu Minh Tuấn,629c769c9f5d480069c74a1d,,,,,,,,,,,,,,,,,,,,,,,,,,,,N6-72,N6-65,N6-66,N6-68,N6-69,N6-70,N6-71,05/Jan/23 2:17 PM;629c769c9f5d480069c74a1d;image-20230105-071548.png;https://tranminhhuy08081997.atlassian.net/secure/attachment/10064/image-20230105-071548.png,,Special characters are not allowed is be shown,,,,,,,,,,N6-4,,,"hiển thị""Special characters are not allowed""",,,,,0|i001db:,,BAN Sprint 1,,,,,,,,Unit,"1.bấm vào họ tên một ký tự đặc biệt
2.ấn vào đặt hàng",Fail,,,,To Do
R03- Registered -  Verify  Surname do not type special characters,N6-15,10234,Bug,Open,N6,N6_CD21LM1,software,Huy Tran,629c7d86954f50006fc9d8b5,,Medium,,,,Huy Tran,629c7d86954f50006fc9d8b5,Huy Tran,629c7d86954f50006fc9d8b5,05/Jan/23 2:17 PM,05/Jan/23 3:42 PM,05/Jan/23 2:20 PM,,,0,registration,,,Huy Tran,629c7d86954f50006fc9d8b5,,,,,,,,,,,,,,,,,,,,,,,,,,,,N6-58,N6-59,N6-61,N6-62,,,,05/Jan/23 2:18 PM;629c7d86954f50006fc9d8b5;image-20230105-071833.png;https://tranminhhuy08081997.atlassian.net/secure/attachment/10065/image-20230105-071833.png,,không hiển thị  nội dung,,,,,,,,,,N6-2,,,"hiển thị ""Surname do not type special characters""",,,,,0|i001d3:,,BAN Sprint 1,,,,,,,,Unit,1)Nhập kí tự đặc biệt vào mục họ,Fail,,,"05/Jan/23 2:18 PM;629c7d86954f50006fc9d8b5;!image-20230105-071833.png|width=406,height=278!",To Do
S04 - Search - Verify Capitalization of first character in search bar,N6-14,10233,Story,To Do,N6,N6_CD21LM1,software,Huy Tran,629c7d86954f50006fc9d8b5,,Medium,,Trung Thịnh Nguyễn,63918a3d3e79f12e5725b36a,Trung Thịnh Nguyễn,63918a3d3e79f12e5725b36a,Trung Thịnh Nguyễn,63918a3d3e79f12e5725b36a,05/Jan/23 2:15 PM,05/Jan/23 3:46 PM,05/Jan/23 4:30 PM,,,0,Search,Verify Capitalization of first character in search bar,,Trung Thịnh Nguyễn,63918a3d3e79f12e5725b36a,,,,,,,,,,,,,,,,,,,,,,,,,,,,N6-64,,,,,,,,,Hiển thị sản phẩm tìm kiếm,,,,,,,,,,N6-3,,,Hiển thị sản phẩm tìm kiếm,,,,,0|i001cv:,,BAN Sprint 1,,,,,,,,Unit,"1) Nhập kí tự đầu viết hoa trên thanh tìm kiếm
2) Nhấn tìm kiếm",Pass,,,,To Do
C02 - Cart - Verify full name Numbers are not allowed,N6-13,10232,Bug,Open,N6,N6_CD21LM1,software,Huy Tran,629c7d86954f50006fc9d8b5,,Medium,,,,Khang Duy,63918baa5fce844d606d502d,Lưu Minh Tuấn,629c769c9f5d480069c74a1d,05/Jan/23 2:14 PM,05/Jan/23 4:04 PM,05/Jan/23 4:30 PM,,,0,Cart,"!image-20230105-071354.png|width=618,height=69!",,Lưu Minh Tuấn,629c769c9f5d480069c74a1d,,,,,,,,,,,,,,,,,,,,,,,,,,,,N6-72,N6-65,N6-66,N6-68,N6-69,N6-70,N6-71,05/Jan/23 2:14 PM;629c769c9f5d480069c74a1d;image-20230105-071354.png;https://tranminhhuy08081997.atlassian.net/secure/attachment/10063/image-20230105-071354.png,,Numbers are not allowed is be shown,,,,,,,,,,N6-4,,,"hiển thị ""Numbers are not allowed""",,,,,0|i001cn:,,BAN Sprint 1,,,,,,,,Unit,"1. nhập số vào họ tên
2. bấm vào dòng tạo ",Fail,,,,To Do
R02- Registered -  Verify  Surname can't keep a distance,N6-12,10231,Bug,Open,N6,N6_CD21LM1,software,Huy Tran,629c7d86954f50006fc9d8b5,,Medium,,,,Huy Tran,629c7d86954f50006fc9d8b5,Huy Tran,629c7d86954f50006fc9d8b5,05/Jan/23 2:13 PM,05/Jan/23 3:42 PM,05/Jan/23 2:20 PM,,,0,registration,,,Huy Tran,629c7d86954f50006fc9d8b5,,,,,,,,,,,,,,,,,,,,,,,,,,,,N6-58,N6-59,N6-61,N6-62,,,,05/Jan/23 2:13 PM;629c7d86954f50006fc9d8b5;image-20230105-071356.png;https://tranminhhuy08081997.atlassian.net/secure/attachment/10062/image-20230105-071356.png,,không hiển thị nội dung,,,,,,,,,,N6-2,,,"hiển thị ""Surname can't keep a distance""",,,,,0|i001cf:,,BAN Sprint 1,,,,,,,,Unit,"1) ghi khoảng trắng đầu dòng kí tự nhập
",Fail,,,"05/Jan/23 2:13 PM;629c7d86954f50006fc9d8b5;!image-20230105-071356.png|width=418,height=282!",To Do
S03 - Search - Verify special characters in search bar,N6-11,10230,Story,To Do,N6,N6_CD21LM1,software,Huy Tran,629c7d86954f50006fc9d8b5,,Medium,,Trung Thịnh Nguyễn,63918a3d3e79f12e5725b36a,Trung Thịnh Nguyễn,63918a3d3e79f12e5725b36a,Trung Thịnh Nguyễn,63918a3d3e79f12e5725b36a,05/Jan/23 2:11 PM,05/Jan/23 3:46 PM,05/Jan/23 4:30 PM,,,0,Search,Verify special characters in search bar,,Trung Thịnh Nguyễn,63918a3d3e79f12e5725b36a,,,,,,,,,,,,,,,,,,,,,,,,,,,,N6-64,,,,,,,,,Không hiển thị sản phẩm nào,,,,,,,,,,N6-3,,,Không hiển thị sản phẩm nào,,,,,0|i001c7:,,BAN Sprint 1,,,,,,,,,"1) Nhập kí tự đặc biệt vào thnanh tìm kiếm
2) Nhấn tìm kiếm",Pass,,,,To Do
L01 - Verify Email - Email must not be blank,N6-10,10229,Bug,Open,N6,N6_CD21LM1,software,Huy Tran,629c7d86954f50006fc9d8b5,,Medium,,,,Khang Duy,63918baa5fce844d606d502d,Khang Duy,63918baa5fce844d606d502d,05/Jan/23 2:08 PM,05/Jan/23 3:27 PM,05/Jan/23 4:30 PM,,,0,Login, Verify Email must not be blank,,Khang Duy,63918baa5fce844d606d502d,,,,,,,,,,,,,,,,,,,,,,,,,,,,N6-60,,,,,,,05/Jan/23 2:13 PM;63918baa5fce844d606d502d;image-20230105-071306.png;https://tranminhhuy08081997.atlassian.net/secure/attachment/10061/image-20230105-071306.png,,Không hiển thị,,,,,,,,,,,,,"Phải hiên thị thông báo ""Email must not be blank""",,,,,0|i001bz:,,BAN Sprint 1,,,,,,,,Unit,"1) Không nhập giá trị vào trường Email
2) Nhấn Tab chuyển sang trường tiếp theo",Fail,,,,To Do
S02 - Search - Verify invalid characters in search bar,N6-9,10228,Story,To Do,N6,N6_CD21LM1,software,Huy Tran,629c7d86954f50006fc9d8b5,,Medium,,Trung Thịnh Nguyễn,63918a3d3e79f12e5725b36a,Trung Thịnh Nguyễn,63918a3d3e79f12e5725b36a,Trung Thịnh Nguyễn,63918a3d3e79f12e5725b36a,05/Jan/23 2:06 PM,05/Jan/23 3:46 PM,05/Jan/23 4:30 PM,,,0,Search,Verify invalid characters in search bar,,Trung Thịnh Nguyễn,63918a3d3e79f12e5725b36a,,,,,,,,,,,,,,,,,,,,,,,,,,,,N6-64,,,,,,,,,Không hiển thị sản phẩm nào,,,,,,,,,,N6-3,,,Không hiển thị sản phẩm nào,,,,,0|i001br:,,BAN Sprint 1,,,,,,,,Unit,"1) Nhập nhiều kí tự ngẫu nhiên vào thanh tìm kiếm
2) Nhấn tìm kiếm ",Pass,,,,To Do
C01 - Cart - Verify surname Can not be blank,N6-8,10227,Bug,Open,N6,N6_CD21LM1,software,Huy Tran,629c7d86954f50006fc9d8b5,,Medium,,,,Khang Duy,63918baa5fce844d606d502d,Lưu Minh Tuấn,629c769c9f5d480069c74a1d,05/Jan/23 2:05 PM,05/Jan/23 4:04 PM,05/Jan/23 4:30 PM,,,0,Cart,,,Lưu Minh Tuấn,629c769c9f5d480069c74a1d,,,,,,,,,,,,,,,,,,,,,,,,,,,,N6-72,N6-65,N6-66,N6-68,N6-69,N6-70,N6-71,,,"""surname Cannot be blank"" sẽ xuất hiện",,,,,,,,,,N6-4,,,"hiển thị ""surname Cannot be blank"" ",,,,,0|i001bj:,,BAN Sprint 1,,,,,,,,Unit,"1. Bỏ trống mục họ 
2. Bấm vào tạo",Fail,,,,To Do
R01- Registered - Verify Surname can not be blank  ,N6-7,10226,Bug,Open,N6,N6_CD21LM1,software,Huy Tran,629c7d86954f50006fc9d8b5,,Medium,,,,Huy Tran,629c7d86954f50006fc9d8b5,Huy Tran,629c7d86954f50006fc9d8b5,05/Jan/23 2:04 PM,05/Jan/23 3:42 PM,05/Jan/23 2:20 PM,,,0,registration,,,Huy Tran,629c7d86954f50006fc9d8b5,,,,,,,,,,,,,,,,,,,,,,,,,,,,N6-58,N6-59,N6-61,N6-62,,,,,,đăng kí thành công,,,,,,,,,,N6-2,,,"hiển thị ""Surname can not be blank  """,,,,,0|i001bb:,,BAN Sprint 1,,,,,,,,Unit,"1 bỏ trống mục họ 
2 đăng nhập",Fail,,,,To Do
S01 - Search - Verify blank in search bar,N6-6,10225,Story,To Do,N6,N6_CD21LM1,software,Huy Tran,629c7d86954f50006fc9d8b5,,Medium,,Trung Thịnh Nguyễn,63918a3d3e79f12e5725b36a,Trung Thịnh Nguyễn,63918a3d3e79f12e5725b36a,Trung Thịnh Nguyễn,63918a3d3e79f12e5725b36a,05/Jan/23 2:04 PM,05/Jan/23 3:46 PM,05/Jan/23 4:30 PM,,,0,Search,Verify blank in search bar,,Trung Thịnh Nguyễn,63918a3d3e79f12e5725b36a,,,,,,,,,,,,,,,,,,,,,,,,,,,,N6-64,,,,,,,,,không hiển thị sản phẩm nào ,,,,,,,,,,N6-3,,,không hiển thị sản phẩm nào ,,,,,0|i001b3:,,BAN Sprint 1,,,,,,,,Unit,"1) bỏ trống khoảng trắng trên thanh tìm kiếm
2) nhấn tìm kiếm",Pass,,,,To Do
Forgot Password,N6-5,10224,Epic,To Do,N6,N6_CD21LM1,software,Huy Tran,629c7d86954f50006fc9d8b5,,Medium,,,,Khang Duy,63918baa5fce844d606d502d,Khang Duy,63918baa5fce844d606d502d,05/Jan/23 1:47 PM,05/Jan/23 4:13 PM,05/Jan/23 4:30 PM,,,0,,,,Khang Duy,63918baa5fce844d606d502d,,,,,,,,,,,,,,,,,,,,,,,,,,,,,,,,,,,,,,,,,,,,,,ghx-label-7,,Forgot Password,To Do,,,purple,,,0|i001av:,,,,,,,,,,,,,,,,To Do
Cart,N6-4,10223,Epic,To Do,N6,N6_CD21LM1,software,Huy Tran,629c7d86954f50006fc9d8b5,,Medium,,,,Khang Duy,63918baa5fce844d606d502d,Khang Duy,63918baa5fce844d606d502d,05/Jan/23 1:43 PM,05/Jan/23 4:10 PM,05/Jan/23 4:30 PM,,,0,,,,Khang Duy,63918baa5fce844d606d502d,,,,,,,,,,,,,,,,,,,,,,,,,,,,,,,,,,,,,,,,,,,,,,ghx-label-7,,Cart,To Do,,,purple,,,0|i001an:,,,,,,,,,,,,,,,,To Do
Search,N6-3,10222,Epic,To Do,N6,N6_CD21LM1,software,Huy Tran,629c7d86954f50006fc9d8b5,,Medium,,,,Khang Duy,63918baa5fce844d606d502d,Khang Duy,63918baa5fce844d606d502d,05/Jan/23 1:42 PM,05/Jan/23 4:18 PM,05/Jan/23 4:30 PM,,,0,,,,Khang Duy,63918baa5fce844d606d502d,,,,,,,,,,,,,,,,,,,,,,,,,,,,,,,,,,,,,,,,,,,,,,ghx-label-7,,Search,To Do,,,purple,,,0|i001af:,,,,,,,,,,,,,,,,To Do
Register,N6-2,10221,Epic,To Do,N6,N6_CD21LM1,software,Huy Tran,629c7d86954f50006fc9d8b5,,Medium,,,,Khang Duy,63918baa5fce844d606d502d,Khang Duy,63918baa5fce844d606d502d,05/Jan/23 1:42 PM,05/Jan/23 4:11 PM,05/Jan/23 4:30 PM,,,0,,,,Khang Duy,63918baa5fce844d606d502d,,,,,,,,,,,,,,,,,,,,,,,,,,,,,,,,,,,,,,,,,,,,,,ghx-label-7,,Register,To Do,,,purple,,,0|i001a7:,,,,,,,,,,,,,,,,To Do
Login,N6-1,10220,Epic,To Do,N6,N6_CD21LM1,software,Huy Tran,629c7d86954f50006fc9d8b5,,Medium,,,,Khang Duy,63918baa5fce844d606d502d,Khang Duy,63918baa5fce844d606d502d,05/Jan/23 1:41 PM,05/Jan/23 3:59 PM,05/Jan/23 4:30 PM,,,0,,,,Khang Duy,63918baa5fce844d606d502d,,,,,,,,,,,,,,,,,,,,,,,,,,,,,,,,,,,,,,,,,,,,,,ghx-label-7,,BAN-1 Login,To Do,,,purple,,,0|i0019z:,,,,,,,,,,,,,,,,To Do
